{"cameraMode":{"drawMode":0,"name":"Shaded","section":"Shading Mode"},"sceneLighting":true,"audioPlay":false,"sceneViewState":{"m_AlwaysRefresh":false,"showFog":true,"showSkybox":false,"showFlares":true,"showImageEffects":true,"showParticleSystems":true,"showVisualEffectGraphs":true,"m_FxEnabled":true},"in2DMode":false,"pivot":{"x":2.8615026473999025,"y":-1.9787883758544922,"z":-0.2173604965209961},"rotation":{"x":-0.10909173637628555,"y":0.8879138827323914,"z":-0.27496519684791567,"w":-0.35227712988853457},"size":12.12435531616211,"orthographic":false}